{
    "loss": [
        0.532262921333313,
        0.30104073882102966,
        0.1922253519296646,
        0.11188806593418121,
        0.07094238698482513,
        0.04726336896419525,
        0.036852266639471054,
        0.03975975885987282,
        0.02493724599480629,
        0.03643779456615448,
        0.0444103367626667
    ],
    "accuracy": [
        0.7146087884902954,
        0.8700436949729919,
        0.9199457168579102,
        0.9595959782600403,
        0.9782903790473938,
        0.9832655191421509,
        0.9888436794281006,
        0.9880898594856262,
        0.9924619197845459,
        0.9883913993835449,
        0.9865822196006775
    ],
    "val_loss": [
        0.31401774287223816,
        0.23147065937519073,
        0.10153655707836151,
        0.09767410904169083,
        0.06446846574544907,
        0.02691963128745556,
        0.011996513232588768,
        0.01546561997383833,
        0.007870319299399853,
        0.04548702761530876,
        0.019597936421632767
    ],
    "val_accuracy": [
        0.8797202706336975,
        0.8993006944656372,
        0.9650349617004395,
        0.9622377753257751,
        0.9762237668037415,
        0.9944055676460266,
        0.9958041906356812,
        0.9944055676460266,
        0.9986013770103455,
        0.9818181991577148,
        0.9916083812713623
    ]
}